{"cameraMode":{"drawMode":0,"name":"Shaded","section":"Shading Mode"},"sceneLighting":true,"audioPlay":false,"sceneViewState":{"showFog":true,"showMaterialUpdate":true,"showSkybox":true,"showFlares":true,"showImageEffects":true,"showParticleSystems":true},"in2DMode":false,"pivot":{"x":-0.7463154792785645,"y":3.1286842823028566,"z":0.31275081634521487},"rotation":{"x":0.018275324255228044,"y":0.9714616537094116,"z":-0.0797392874956131,"w":0.22264628112316132},"size":16.25435447692871,"orthographic":false}