{"cameraMode":{"drawMode":0,"name":"Shaded","section":"Shading Mode"},"sceneLighting":true,"audioPlay":false,"sceneViewState":{"showFog":true,"showMaterialUpdate":true,"showSkybox":false,"showFlares":true,"showImageEffects":true,"showParticleSystems":true},"in2DMode":false,"pivot":{"x":0.0,"y":0.27799999713897707,"z":0.0429999977350235},"rotation":{"x":0.04549187794327736,"y":-0.12999296188354493,"z":0.005970505531877279,"w":0.9904535412788391},"size":14.100187301635743,"orthographic":false}