{"cameraMode":{"drawMode":0,"name":"Shaded","section":"Shading Mode"},"sceneLighting":true,"audioPlay":false,"sceneViewState":{"showFog":true,"showMaterialUpdate":true,"showSkybox":false,"showFlares":true,"showImageEffects":true,"showParticleSystems":true},"in2DMode":false,"pivot":{"x":-7.526510238647461,"y":-16.328773498535158,"z":-42.186859130859378},"rotation":{"x":0.04549187794327736,"y":-0.12999296188354493,"z":0.005970505531877279,"w":0.9904535412788391},"size":146.7891845703125,"orthographic":false}