{"cameraMode":{"drawMode":0,"name":"Shaded","section":"Shading Mode"},"sceneLighting":true,"audioPlay":false,"sceneViewState":{"showFog":true,"showMaterialUpdate":true,"showSkybox":false,"showFlares":true,"showImageEffects":true,"showParticleSystems":true},"in2DMode":false,"pivot":{"x":14.4399995803833,"y":0.9000000953674316,"z":-15.819999694824219},"rotation":{"x":0.3770792782306671,"y":0.038882482796907428,"z":-0.015846647322177888,"w":0.9252289533615112},"size":6.593745231628418,"orthographic":false}