{"cameraMode":{"drawMode":0,"name":"Shaded","section":"Shading Mode"},"sceneLighting":false,"audioPlay":false,"sceneViewState":{"showFog":true,"showMaterialUpdate":true,"showSkybox":false,"showFlares":true,"showImageEffects":true,"showParticleSystems":true},"in2DMode":false,"pivot":{"x":0.6631450057029724,"y":1.0180974006652833,"z":0.001420736312866211},"rotation":{"x":0.12350132316350937,"y":0.03571634367108345,"z":-0.004447971470654011,"w":0.9916919469833374},"size":-0.47059500217437746,"orthographic":false}