{"cameraMode":{"drawMode":0,"name":"Shaded","section":"Shading Mode"},"sceneLighting":false,"audioPlay":false,"sceneViewState":{"showFog":true,"showMaterialUpdate":true,"showSkybox":false,"showFlares":true,"showImageEffects":true,"showParticleSystems":true},"in2DMode":false,"pivot":{"x":0.000978708267211914,"y":0.2882457375526428,"z":-0.008834362030029297},"rotation":{"x":0.2207522690296173,"y":-0.05117737501859665,"z":0.011600477620959282,"w":0.9739188551902771},"size":9.112401962280274,"orthographic":false}