{"cameraMode":{"drawMode":0,"name":"Shaded","section":"Shading Mode"},"sceneLighting":true,"audioPlay":false,"sceneViewState":{"showFog":true,"showMaterialUpdate":true,"showSkybox":false,"showFlares":true,"showImageEffects":true,"showParticleSystems":true},"in2DMode":false,"pivot":{"x":14.569999694824219,"y":1.797037124633789,"z":-4.09999942779541},"rotation":{"x":0.3770792782306671,"y":0.038882482796907428,"z":-0.015846647322177888,"w":0.9252289533615112},"size":11.156782150268555,"orthographic":false}